Feature Barcode Name,Feature Barcode Sequence
whitelist_barcode_1,AAGGCAGACGGTGCA
whitelist_barcode_2,GGCTGCGCACCGCCT
Oligo_4,TAGTTGACATGCCAT
Oligo_5,GACGCGCGTTGTCAT
whitelist_barcode_5,CGTCCTAGGACATAT
whitelist_barcode_6,CTCCAGCTCGAGCTC
whitelist_barcode_7,GGACGCAACTTAAGA
whitelist_barcode_8,AGCGAACCGCCGCTG
whitelist_barcode_9,GTGCAAGAGTTGGCG
whitelist_barcode_10,GAAGAAGCGTTATTC
whitelist_barcode_11,TGGTGACAAGTATCT
whitelist_barcode_12,CACTCCTTGACAGGT
whitelist_barcode_13,CGAGGTACATCTTGT
whitelist_barcode_14,GCCAAGATCAGGTCC
whitelist_barcode_15,TTAGGTGTACACGTT
whitelist_barcode_16,GCATTGCGTCAGGCT
whitelist_barcode_17,CTGGTCGAACTTCGT
whitelist_barcode_18,AGAGCTAGGATCGGA
whitelist_barcode_19,ATAATCATTACGTGG
whitelist_barcode_20,ACGAATCGGATACTA